country,density,abbreviation,agricultural_land,land_area,armed_forces_size,birth_rate,calling_code,capital/major_city,co2-emissions,cpi,cpi_change,currency-code,fertility_rate,forested_area,gasoline_price,gdp,gross_primary_education_enrollment,gross_tertiary_education_enrollment,infant_mortality,largest_city,life_expectancy,maternal_mortality_ratio,minimum_wage,official_language,out_of_pocket_health_expenditure,physicians_per_thousand,population,population_labor_force_participation,tax_revenue,total_tax_rate,unemployment_rate,urban_population,latitude,longitude,continent
Afghanistan,60.0,AF,58.1,652.23,323.0,32.49,93.0,Kabul,8.672,149.9,2.3,AFN,4.47,2.1,0.7,19101353833.0,104.0,9.7,47.9,Kabul,64.5,638.0,0.43,Pashto,78.4,0.28,333.542717948718,48.9,9.3,71.4,11.12,279.46104444444444,33.93911,67.709953,Asia
Albania,105.0,AL,43.1,28.748,9.0,11.78,355.0,Tirana,4.536,119.05,1.4,ALL,1.62,28.1,1.36,15278077447.0,107.0,55.0,7.8,Tirana,78.5,15.0,1.12,Albanian,56.9,1.2,333.542717948718,55.7,18.6,36.6,12.33,279.46104444444444,41.153332,20.168331,Europe
Algeria,18.0,DZ,17.4,255.21266060606064,317.0,24.28,213.0,Algiers,150.006,151.36,2.0,DZD,3.02,0.8,0.28,169988236398.0,109.9,51.4,20.1,Algiers,76.7,112.0,0.95,Arabic,28.1,1.72,333.542717948718,41.2,37.2,66.1,11.7,279.46104444444444,28.033886,1.659626,Africa
Andorra,164.0,AD,40.0,468.0,103.78313253012048,7.2,376.0,Andorra la Vella,469.0,144.19360000000003,6.722346368715085,EUR,1.27,34.0,1.51,3154057987.0,106.4,37.96338797814208,2.7,Andorra la Vella,72.27967914438497,160.39226519337018,6.63,Catalan,36.4,3.33,77.142,62.73806818181817,16.573964497041416,40.8224043715847,6.886363636363638,67.873,42.506285,1.521801,Europe
Angola,26.0,AO,47.5,255.21266060606064,117.0,40.73,244.0,Luanda,34.693,261.73,17.1,AOA,5.52,46.3,0.97,94635415870.0,113.5,9.3,51.6,Luanda,60.8,241.0,0.71,Portuguese,33.4,0.21,333.542717948718,77.5,9.2,49.1,6.89,279.46104444444444,-11.202692,17.873887,Africa
Antigua and Barbuda,223.0,AG,20.5,443.0,0.0,15.33,1.0,"St. John's, Saint John",557.0,113.81,1.2,XCD,1.99,22.3,0.99,1727759259.0,105.0,24.8,5.0,"St. John's, Saint John",76.9,42.0,3.04,English,24.3,2.76,97.118,62.73806818181817,16.5,43.0,6.886363636363638,23.8,17.060816,-61.796428,Central America
Argentina,17.0,AR,54.3,255.21266060606064,105.0,17.02,54.0,Buenos Aires,201.348,232.75,53.5,ARS,2.26,9.8,1.1,449663446954.0,109.7,90.0,8.8,Buenos Aires,76.5,39.0,3.35,Spanish,17.6,3.96,333.542717948718,61.3,10.1,106.3,9.79,279.46104444444444,-38.416097,-63.616672,South America
Armenia,104.0,AM,58.9,29.743,49.0,13.99,374.0,Yerevan,5.156,129.18,1.4,AMD,1.76,11.7,0.77,13672802158.0,92.7,54.6,11.0,Yerevan,74.9,26.0,0.66,Armenian,81.6,4.4,333.542717948718,55.6,20.9,22.6,16.99,279.46104444444444,40.069099,45.038189,Asia
Australia,3.0,AU,48.2,255.21266060606064,58.0,12.6,61.0,Canberra,375.908,119.8,1.6,AUD,1.74,16.3,0.93,1392680589329.0,100.3,113.1,3.1,Sydney,82.7,6.0,13.59,desconocido,19.6,3.68,333.542717948718,65.5,23.0,47.4,5.27,279.46104444444444,-25.274398,133.775136,Oceania
Austria,109.0,AT,32.4,83.871,21.0,9.7,43.0,Vienna,61.448,118.06,1.5,EUR,1.47,46.9,1.2,446314739528.0,103.1,85.1,2.9,Vienna,81.6,5.0,2.194133333333334,German,17.9,5.17,333.542717948718,60.7,25.4,51.4,4.67,279.46104444444444,47.516231,14.550072,Europe
Azerbaijan,123.0,AZ,57.7,86.6,82.0,14.0,994.0,Baku,37.62,156.32,2.6,AZN,1.73,14.1,0.56,39207000000.0,99.7,27.7,19.2,Baku,72.9,26.0,0.47,Azerbaijani language,78.6,3.45,333.542717948718,66.5,13.0,40.7,5.51,279.46104444444444,40.143105,47.576927,Asia
The Bahamas,39.0,BS,1.4,13.88,1.0,13.97,1.0,"Nassau, Bahamas",1.786,116.22,2.5,desconocido,1.75,51.4,0.92,12827000000.0,81.4,15.1,8.3,"Nassau, Bahamas",73.8,70.0,5.25,English,27.8,1.94,389.482,74.6,14.8,33.8,10.36,323.784,25.03428,-77.39628,Central America
Bahrain,2.239,BH,11.1,765.0,19.0,13.99,973.0,Manama,31.694,117.59,2.1,BHD,1.99,0.8,0.43,38574069149.0,99.4,50.5,6.1,Riffa,77.2,14.0,2.194133333333334,Arabic,25.1,0.93,333.542717948718,73.4,4.2,13.8,0.71,279.46104444444444,26.0667,50.5577,Asia
Bangladesh,1.265,BD,70.6,148.46,221.0,18.18,880.0,Dhaka,84.246,179.68,5.6,BDT,2.04,11.0,1.12,302571254131.0,116.5,20.6,25.1,Dhaka,72.3,173.0,0.51,Bengali,71.8,0.58,333.542717948718,59.0,8.8,33.4,4.19,279.46104444444444,23.684994,90.356331,Asia
Barbados,668.0,BB,23.3,430.0,1.0,10.65,1.0,Bridgetown,1.276,134.09,4.1,BBD,1.62,14.7,1.81,5209000000.0,99.4,65.4,11.3,Bridgetown,79.1,27.0,3.13,English,45.2,2.48,287.025,65.2,27.5,35.6,10.33,89.431,13.193887,-59.543198,Central America
Belarus,47.0,BY,42.0,207.6,155.0,9.9,375.0,Minsk,58.28,144.19360000000003,5.6,BYN,1.45,42.6,0.6,63080457023.0,100.5,87.4,2.6,Minsk,74.2,2.0,1.49,Russian,34.5,5.19,333.542717948718,64.1,14.7,53.3,4.59,279.46104444444444,53.709807,27.953389,Europe
Belgium,383.0,BE,44.6,30.528,32.0,10.3,32.0,City of Brussels,96.889,117.11,1.4,EUR,1.62,22.6,1.43,529606710418.0,103.9,79.7,2.9,Brussels,81.6,5.0,10.31,French,17.6,3.07,333.542717948718,53.6,24.0,55.4,5.59,279.46104444444444,50.503887,4.469936,Europe
Belize,17.0,BZ,7.0,22.966,2.0,20.79,501.0,Belmopan,568.0,105.68,-0.9,BZD,2.31,59.7,1.13,1879613600.0,111.7,24.7,11.2,Belize City,74.5,36.0,1.65,English,22.7,1.12,390.353,65.1,26.3,31.1,6.41,179.039,17.189877,-88.49765,Central America
Benin,108.0,BJ,33.3,112.622,12.0,36.22,229.0,Porto-Novo,6.476,110.71,-0.9,XOF,4.84,37.8,0.72,14390709095.0,122.0,12.3,60.5,Cotonou,61.5,397.0,0.39,French,40.5,0.08,333.542717948718,70.9,10.8,48.9,2.23,279.46104444444444,9.30769,2.315834,Africa
Bhutan,20.0,BT,13.6,38.394,6.0,17.26,975.0,Thimphu,1.261,167.18,2.7,desconocido,1.98,72.5,0.98,2446674101.0,100.1,15.6,24.8,Thimphu,71.5,183.0,0.32,Dzongkha,19.8,0.42,727.145,66.7,16.0,35.3,2.34,317.538,27.514162,90.433601,Asia
Bolivia,11.0,BO,34.8,255.21266060606064,71.0,21.75,591.0,Sucre,21.606,148.32,1.8,BOB,2.73,50.3,0.71,40895322865.0,98.2,37.96338797814208,21.8,Santa Cruz de la Sierra,71.2,155.0,1.36,Spanish,25.9,1.59,333.542717948718,71.8,17.0,83.7,3.5,279.46104444444444,-16.290154,-63.588653,South America
Bosnia and Herzegovina,64.0,BA,43.1,51.197,11.0,8.11,387.0,Sarajevo,21.848,104.9,0.6,BAM,1.27,42.7,1.05,20047848435.0,102.47021276595747,23.3,5.0,Tuzla Canton,77.3,10.0,1.04,Bosnian,28.6,2.16,333.542717948718,46.4,20.4,23.7,18.42,279.46104444444444,43.915886,17.679076,Europe
Botswana,4.0,BW,45.6,581.73,9.0,24.82,267.0,Gaborone,6.34,149.75,2.8,BWP,2.87,18.9,0.71,18340510789.0,103.2,24.9,30.0,Gaborone,69.3,144.0,0.29,English,5.3,0.37,333.542717948718,70.8,19.5,25.1,18.19,279.46104444444444,-22.328474,24.684866,Africa
Brazil,25.0,BR,33.9,255.21266060606064,730.0,13.92,55.0,Bras���,462.299,167.4,3.7,BRL,1.73,58.9,1.02,1839758040766.0,115.4,51.3,12.8,S����,75.7,60.0,1.53,Portuguese,28.3,2.15,333.542717948718,63.9,14.2,65.1,12.08,279.46104444444444,-14.235004,-51.92528,South America
Brunei,83.0,BN,2.7,5.765,8.0,14.9,673.0,Bandar Seri Begawan,7.664,99.03,-0.4,BND,1.85,72.1,0.37,13469422941.0,103.2,31.4,9.8,desconocido,75.7,31.0,2.194133333333334,Malay,6.0,1.61,433.285,64.7,16.573964497041416,8.0,9.12,337.711,4.535277,114.727669,Asia
Bulgaria,64.0,BG,46.3,110.879,31.0,8.9,359.0,Sofia,41.708,114.42,3.1,BGN,1.56,35.4,1.11,86000000000.0,89.3,71.0,5.9,Sofia,74.9,10.0,1.57,Bulgarian,47.7,4.03,333.542717948718,55.4,20.2,28.3,4.34,279.46104444444444,42.733883,25.48583,Europe
Burkina Faso,76.0,BF,44.2,274.2,11.0,37.93,226.0,Ouagadougou,3.418,106.58,-3.2,XOF,5.19,19.3,0.98,15745810235.0,96.1,6.5,49.0,Ouagadougou,61.2,320.0,0.34,French,36.1,0.08,333.542717948718,66.4,15.0,41.3,6.26,279.46104444444444,12.238333,-1.561593,Africa
Burundi,463.0,BI,79.2,27.83,31.0,39.01,257.0,Bujumbura,495.0,182.11,-0.7,BIF,5.41,10.9,1.21,3012334882.0,121.4,6.1,41.0,Bujumbura,61.2,548.0,2.194133333333334,Kirundi,19.1,0.1,333.542717948718,79.2,13.6,41.2,1.43,279.46104444444444,-3.373056,29.918886,Africa
Ivory Coast,83.0,CI,64.8,322.463,27.0,35.74,225.0,Yamoussoukro,9.674,111.61,-0.9,XOF,4.65,32.7,0.93,58792205642.0,99.8,9.3,59.4,Abidjan,57.4,617.0,0.36,French,36.0,0.23,333.542717948718,57.0,11.8,50.1,3.32,279.46104444444444,7.539989,-5.54708,Africa
Cape Verde,138.0,CV,19.6,4.033,1.0,19.49,238.0,Praia,543.0,110.5,1.1,CVE,2.27,22.5,1.02,1981845741.0,104.0,23.6,16.7,Praia,72.8,58.0,0.68,Portuguese,23.2,0.77,483.628,60.5,20.1,37.5,12.25,364.029,16.5388,-23.0418,Africa
Cambodia,95.0,KH,30.9,181.035,191.0,22.46,855.0,Phnom Penh,9.919,127.63,2.5,desconocido,2.5,52.9,0.9,27089389787.0,107.4,13.7,24.0,Phnom Penh,69.6,160.0,2.194133333333334,Khmer language,59.4,0.17,333.542717948718,82.3,17.1,23.1,0.68,279.46104444444444,12.565679,104.990963,Asia
Cameroon,56.0,CM,20.6,475.44,24.0,35.39,237.0,Yaound�,8.291,118.65,2.5,XAF,4.57,39.3,1.03,38760467033.0,103.4,12.8,50.6,Douala,58.9,529.0,0.35,French,69.7,0.09,333.542717948718,76.1,12.8,57.7,3.38,279.46104444444444,7.369722,12.354722,Africa
Canada,4.0,CA,6.9,255.21266060606064,72.0,10.1,1.0,Ottawa,544.894,116.76,1.9,CAD,1.5,38.2,0.81,1736425629520.0,100.9,68.9,4.3,Toronto,81.9,10.0,9.51,French,14.6,2.61,333.542717948718,65.1,12.8,24.5,5.56,279.46104444444444,56.130366,-106.346771,North America
Central African Republic,8.0,CF,8.2,622.984,8.0,35.35,236.0,Bangui,297.0,186.86,37.1,desconocido,4.72,35.6,1.41,2220307369.0,102.0,3.0,84.5,Bangui,52.8,829.0,0.37,French,39.6,0.06,333.542717948718,72.0,8.6,73.3,3.68,279.46104444444444,6.611111,20.939444,Africa
Chad,13.0,TD,39.7,255.21266060606064,35.0,42.17,235.0,N'Djamena,1.016,117.7,-1.0,XAF,5.75,3.8,0.78,11314951343.0,86.8,3.3,71.4,N'Djamena,54.0,1140.0,0.6,French,56.4,0.04,333.542717948718,70.7,16.573964497041416,63.5,1.89,279.46104444444444,15.454166,18.732207,Africa
Chile,26.0,CL,21.2,756.096,122.0,12.43,56.0,Santiago,85.822,131.91,2.6,CLP,1.65,24.3,1.03,282318159745.0,101.4,88.5,6.2,Santiago,80.0,13.0,2.0,Spanish,32.2,2.59,333.542717948718,62.6,18.2,34.0,7.09,279.46104444444444,-35.675147,-71.542969,South America
China,153.0,CN,56.2,255.21266060606064,103.78313253012048,10.9,86.0,Beijing,125.91546994535527,125.08,2.9,CNY,1.69,22.4,0.96,19910000000000.0,100.2,50.6,7.4,Shanghai,77.0,29.0,0.87,Standard Chinese,32.4,1.98,333.542717948718,68.0,9.4,59.2,4.32,279.46104444444444,35.86166,104.195397,Asia
Colombia,46.0,CO,40.3,255.21266060606064,481.0,14.88,57.0,Bogot�,97.814,140.95,3.5,COP,1.81,52.7,0.68,323802808108.0,114.5,55.3,12.2,Bogot�,77.1,83.0,1.23,Spanish,18.3,2.18,333.542717948718,68.8,14.4,71.2,9.71,279.46104444444444,4.570868,-74.297333,South America
Comoros,467.0,KM,71.5,2.235,103.78313253012048,31.88,269.0,"Moroni, Comoros",202.0,103.62,-4.3,KMF,4.21,19.7,1.0024571428571427,1185728677.0,99.5,9.0,51.3,"Moroni, Comoros",64.1,273.0,0.71,French,74.8,0.27,850.886,43.3,16.573964497041416,219.6,4.34,248.152,-11.6455,43.3333,Africa
Republic of the Congo,16.0,desconocido,31.1,342.0,12.0,32.86,242.0,Brazzaville,3.282,124.74,2.2,XAF,4.43,65.4,0.97,10820591131.0,106.6,12.7,36.2,Brazzaville,64.3,378.0,0.88,French,43.8,0.12,333.542717948718,69.4,9.0,54.3,9.47,279.46104444444444,-0.228021,15.827659,Africa
Costa Rica,100.0,CR,34.5,51.1,10.0,13.97,506.0,San Jos������,8.023,128.85,2.1,CRC,1.75,54.6,0.98,61773944174.0,113.3,55.2,7.6,San Jos������,80.1,27.0,1.84,Spanish,21.5,2.89,333.542717948718,62.1,13.6,58.3,11.85,279.46104444444444,9.748917,-83.753428,Central America
Croatia,73.0,HR,27.6,56.594,18.0,9.0,385.0,Zagreb,17.488,109.82,0.8,HRK,1.47,34.4,1.26,60415553039.0,96.5,67.9,4.0,Zagreb,78.1,8.0,2.92,Croatian,15.2,3.0,333.542717948718,51.2,22.0,20.5,6.93,279.46104444444444,45.1,15.2,Europe
Cuba,106.0,CU,59.9,110.86,76.0,10.17,53.0,Havana,28.284,144.19360000000003,6.722346368715085,CUP,1.62,31.3,1.4,100023000000.0,101.9,41.4,3.7,Havana,78.7,36.0,0.05,Spanish,32.637234042553196,8.42,333.542717948718,53.6,16.573964497041416,40.8224043715847,1.64,279.46104444444444,21.521757,-77.781167,Central America
Cyprus,131.0,CY,12.2,9.251,16.0,10.46,357.0,Nicosia,6.626,102.51,0.3,EUR,1.33,18.7,1.23,24564647935.0,99.3,75.9,1.9,Statos�������,80.8,6.0,2.194133333333334,Greek,43.9,1.95,333.542717948718,63.1,24.5,22.4,7.27,800.708,35.126413,33.429859,Europe
Czech Republic,139.0,CZ,45.2,78.867,23.0,10.7,420.0,Prague,102.218,116.48,2.8,CZK,1.69,34.6,1.17,246489245495.0,100.7,64.1,2.7,Prague,79.0,3.0,3.0,Czech,14.8,4.12,333.542717948718,60.6,14.9,46.1,1.93,279.46104444444444,49.817492,15.472962,Europe
Democratic Republic of the Congo,40.0,CD,11.6,255.21266060606064,134.0,41.18,243.0,Kinshasa,2.021,133.85,2.9,CDF,5.92,67.2,1.49,47319624204.0,108.0,6.6,68.2,Kinshasa,60.4,473.0,0.18,French,37.4,0.07,333.542717948718,63.5,10.7,50.7,4.24,279.46104444444444,-4.038333,21.758664,Africa
Denmark,137.0,DK,62.0,43.094,15.0,10.6,45.0,Copenhagen,31.786,110.35,0.8,DKK,1.73,14.7,1.55,348078018464.0,101.3,80.6,3.6,Copenhagen,81.0,4.0,2.194133333333334,Danish,13.7,4.01,333.542717948718,62.2,32.4,23.8,4.91,279.46104444444444,56.26392,9.501785,Europe
Djibouti,43.0,DJ,73.4,23.2,13.0,21.47,253.0,Djibouti City,620.0,120.25,3.3,DJF,2.73,0.2,1.32,3318716359.0,75.3,5.3,49.8,Djibouti City,66.6,248.0,2.194133333333334,French,20.4,0.22,973.56,60.2,16.573964497041416,37.9,10.3,758.549,11.825138,42.590275,Africa
Dominica,96.0,DM,33.3,751.0,103.78313253012048,12.0,1.0,Roseau,180.0,103.87,1.0,XCD,1.9,57.4,1.0024571428571427,596033333.0,114.7,7.2,32.9,Roseau,76.6,160.39226519337018,1.48,English,28.4,1.08,71.808,62.73806818181817,22.1,32.6,6.886363636363638,50.83,15.414999,-61.370976,Central America
Dominican Republic,225.0,DO,48.7,48.67,71.0,19.51,1.0,Santo Domingo,25.258,135.5,1.8,DOP,2.35,41.7,1.07,88941298258.0,105.7,59.9,24.1,Santo Domingo,73.9,95.0,0.4,Spanish,43.7,1.56,333.542717948718,64.3,13.0,48.8,5.84,279.46104444444444,18.735693,-70.162651,Central America
Ecuador,71.0,EC,22.2,283.561,41.0,19.72,593.0,Quito,41.155,124.14,0.3,USD,2.43,50.2,0.61,107435665000.0,103.3,44.9,12.2,Quito,76.8,59.0,2.46,Spanish,43.7,2.04,333.542717948718,68.0,16.573964497041416,34.4,3.97,279.46104444444444,-1.831239,-78.183406,South America
Egypt,103.0,EG,3.8,255.21266060606064,836.0,26.38,20.0,Cairo,238.56,288.57,9.2,EGP,3.33,0.1,0.4,303175127598.0,106.3,35.2,18.1,Cairo,71.8,37.0,2.194133333333334,Modern Standard Arabic,62.0,0.45,333.542717948718,46.4,12.5,44.4,10.76,279.46104444444444,26.820553,30.802498,Africa
El Salvador,313.0,SV,76.4,21.041,42.0,18.25,503.0,San Salvador,7.169,111.23,0.1,desconocido,2.04,12.6,0.83,27022640000.0,94.8,29.4,11.8,San Salvador,73.1,46.0,0.5,Spanish,27.9,1.57,333.542717948718,59.1,18.1,36.4,4.11,279.46104444444444,13.794185,-88.89653,Central America
Equatorial Guinea,50.0,GQ,10.1,28.051,1.0,33.24,240.0,Malabo,5.655,124.35,1.2,XAF,4.51,55.5,1.0024571428571427,11026774945.0,61.8,1.9,62.6,Malabo,58.4,301.0,1.05,Spanish,72.0,0.4,333.542717948718,62.0,6.1,79.4,6.43,984.812,1.650801,10.267895,Africa
Eritrea,35.0,ER,75.2,117.6,202.0,30.3,291.0,Asmara,711.0,144.19360000000003,6.722346368715085,ERN,4.06,14.9,2.0,2065001626.0,68.4,3.4,31.3,Asmara,65.9,480.0,2.194133333333334,Tigrinya,52.4,0.06,333.542717948718,78.4,16.573964497041416,83.7,5.14,279.46104444444444,15.179384,39.782334,Africa
Estonia,31.0,EE,23.1,45.228,6.0,10.9,372.0,Tallinn,16.59,122.14,2.3,EUR,1.59,51.3,1.14,31386949981.0,97.2,69.6,2.1,Tallinn,78.2,9.0,3.14,Estonian,22.8,4.48,333.542717948718,63.6,20.9,47.8,5.11,916.024,58.595272,25.013607,Europe
Eswatini,67.0,desconocido,39.11755319148937,17.364,103.78313253012048,20.21497354497354,268.0,Mbabane,125.91546994535527,144.19360000000003,6.722346368715085,desconocido,2.698138297872339,32.01542553191489,1.0024571428571427,3791304348.0,102.47021276595747,37.96338797814208,21.33280423280423,Mbabane,72.27967914438497,160.39226519337018,2.194133333333334,English,11.3,1.8398404255319156,333.542717948718,62.73806818181817,28.6,40.8224043715847,6.886363636363638,279.46104444444444,-26.522503,31.465866,Africa
Ethiopia,115.0,ET,36.3,255.21266060606064,138.0,32.34,251.0,Addis Ababa,14.87,143.86,15.8,ETB,4.25,12.5,0.75,96107662398.0,101.0,8.1,39.1,Addis Ababa,66.2,401.0,2.194133333333334,Amharic,37.8,0.08,333.542717948718,79.6,7.5,37.7,2.08,279.46104444444444,9.145,40.489673,Africa
Fiji,49.0,FJ,23.3,18.274,4.0,21.28,679.0,Suva,2.046,132.3,1.8,FJD,2.77,55.9,0.82,5535548972.0,106.4,16.1,21.6,Suva,67.3,34.0,1.28,Fiji Hindi,21.4,0.84,889.953,57.6,24.2,32.1,4.1,505.048,-17.713371,178.065032,Oceania
Finland,18.0,FI,7.5,338.145,25.0,8.6,358.0,Helsinki,45.871,112.33,1.0,EUR,1.41,73.1,1.45,268761201365.0,100.2,88.2,1.4,Helsinki,81.7,3.0,2.194133333333334,Swedish,19.9,3.81,333.542717948718,59.1,20.8,36.6,6.59,279.46104444444444,61.92411,25.748151,Europe
France,119.0,FR,52.4,643.801,307.0,11.3,33.0,Paris,303.276,110.05,1.1,EUR,1.88,31.2,1.39,2715518274227.0,102.5,65.6,3.4,Paris,82.5,8.0,11.16,French,6.8,3.27,333.542717948718,55.1,24.2,60.7,8.43,279.46104444444444,46.227638,2.213749,Europe
Gabon,9.0,GA,20.0,267.667,7.0,31.61,241.0,Libreville,5.321,122.19,2.1,XAF,3.97,90.0,0.92,16657960228.0,139.9,8.3,32.7,Libreville,66.2,252.0,1.46,French,25.9,0.68,333.542717948718,52.9,10.2,47.1,20.0,279.46104444444444,-0.803689,11.609444,Africa
The Gambia,239.0,GM,59.8,11.3,1.0,38.54,220.0,Banjul,532.0,172.73,7.1,GMD,5.22,48.4,1.18,1763819048.0,98.0,2.7,39.0,Serekunda,61.7,597.0,0.13,English,20.3,0.1,333.542717948718,59.4,9.4,48.4,9.06,279.46104444444444,13.443182,-15.310139,Africa
Georgia,57.0,GE,34.5,69.7,26.0,13.47,995.0,Tbilisi,10.128,133.61,4.9,GEL,2.06,40.6,0.76,17743195770.0,98.6,63.9,8.7,Tbilisi,73.6,25.0,0.05,Georgian,57.3,7.12,333.542717948718,68.3,21.7,9.9,14.4,279.46104444444444,42.315407,43.356892,Europe
Germany,240.0,DE,47.7,357.022,180.0,9.5,49.0,Berlin,727.973,112.85,1.4,EUR,1.56,32.7,1.39,3845630030824.0,104.0,70.2,3.1,Berlin,80.9,7.0,9.99,German,12.5,4.25,333.542717948718,60.8,11.5,48.8,3.04,279.46104444444444,51.165691,10.451526,Europe
Ghana,137.0,GH,69.0,238.533,16.0,29.41,233.0,Accra,16.67,268.36,7.2,GHS,3.87,41.2,0.92,66983634224.0,104.8,15.7,34.9,Accra,63.8,308.0,0.27,English,36.1,0.14,333.542717948718,67.8,12.6,55.4,4.33,279.46104444444444,7.946527,-1.023194,Africa
Greece,81.0,GR,47.6,131.957,146.0,8.1,30.0,Athens,62.434,101.87,0.2,EUR,1.35,31.7,1.54,209852761469.0,99.6,136.6,3.6,Macedonia,81.3,3.0,4.46,Greek,35.5,5.48,333.542717948718,51.8,26.2,51.9,17.24,279.46104444444444,39.074208,21.824312,Europe
Grenada,331.0,GD,23.5,349.0,103.78313253012048,16.47,1.0,"St. George's, Grenada",268.0,107.43,0.8,XCD,2.06,50.0,1.12,1228170370.0,106.9,104.6,13.7,"St. George's, Grenada",72.4,25.0,2.194133333333334,English,57.0,1.41,112.003,62.73806818181817,19.4,47.8,6.886363636363638,40.765,12.1165,-61.679,Central America
Guatemala,167.0,GT,36.0,108.889,43.0,24.56,502.0,Guatemala City,16.777,142.92,3.7,GTQ,2.87,32.7,0.79,76710385880.0,101.9,21.8,22.1,Guatemala City,74.1,95.0,1.6,Spanish,55.8,0.35,333.542717948718,62.3,10.6,35.2,2.46,279.46104444444444,15.783471,-90.230759,Central America
Guinea,53.0,GN,59.0,245.857,13.0,36.36,224.0,Conakry,2.996,262.95,9.5,GNF,4.7,25.8,0.9,13590281809.0,91.5,11.6,64.9,Kankan,61.2,576.0,2.194133333333334,French,54.5,0.08,333.542717948718,61.5,10.8,69.3,4.3,279.46104444444444,9.945587,-9.696645,Africa
Guinea-Bissau,70.0,GW,58.0,36.125,4.0,35.13,245.0,Bissau,293.0,111.65,1.4,XOF,4.48,69.8,1.0024571428571427,1340389411.0,118.7,2.6,54.0,Bissau,58.0,667.0,0.16,Portuguese,37.2,0.13,333.542717948718,72.0,10.3,45.5,2.47,840.922,11.803749,-15.180413,Africa
Guyana,4.0,GY,8.6,214.969,3.0,19.97,592.0,"Georgetown, Guyana",2.384,116.19,2.1,GYD,2.46,83.9,0.9,4280443645.0,97.8,11.6,25.1,"Georgetown, Guyana",69.8,169.0,0.98,English,40.5,0.8,782.766,56.2,16.573964497041416,30.6,11.85,208.912,4.860416,-58.93018,South America
Haiti,414.0,HT,66.8,27.75,0.0,24.35,509.0,Port-au-Prince,2.978,179.29,12.5,HTG,2.94,3.5,0.81,8498981821.0,113.6,1.1,49.5,Port-au-Prince,63.7,480.0,0.25,French,36.3,0.23,333.542717948718,67.2,16.573964497041416,42.7,13.78,279.46104444444444,18.971187,-72.285215,Central America
Vatican City,2.003,desconocido,39.11755319148937,0.0,103.78313253012048,20.21497354497354,379.0,Vatican City,125.91546994535527,144.19360000000003,6.722346368715085,EUR,2.698138297872339,32.01542553191489,1.0024571428571427,477295901399.5389,102.47021276595747,37.96338797814208,21.33280423280423,desconocido,72.27967914438497,160.39226519337018,2.194133333333334,Italian,32.637234042553196,1.8398404255319156,836.0,62.73806818181817,16.573964497041416,40.8224043715847,6.886363636363638,279.46104444444444,41.902916,12.453389,Europe
Honduras,89.0,HN,28.9,112.09,23.0,21.6,504.0,Tegucigalpa,9.813,150.34,4.4,HNL,2.46,40.0,0.98,25095395475.0,91.5,26.2,15.1,Tegucigalpa,75.1,65.0,1.01,Spanish,49.1,0.31,333.542717948718,68.8,17.3,39.1,5.39,279.46104444444444,15.199999,-86.241905,Central America
Hungary,107.0,HU,58.4,93.028,40.0,9.6,36.0,Budapest,45.537,121.64,3.3,HUF,1.54,22.9,1.18,160967157504.0,100.8,48.5,3.6,Budapest,75.8,12.0,2.62,Hungarian,29.0,3.41,333.542717948718,56.5,23.0,37.9,3.4,279.46104444444444,47.162494,19.503304,Europe
Iceland,3.0,IS,18.7,103.0,0.0,12.0,354.0,Reykjav��,2.065,129.0,3.0,ISK,1.71,0.5,1.69,24188035739.0,100.4,71.8,1.5,Reykjav��,82.7,4.0,2.194133333333334,Icelandic,17.0,4.08,361.313,75.0,23.3,31.9,2.84,339.11,64.963051,-19.020835,Europe
India,464.0,IN,60.4,255.21266060606064,103.78313253012048,17.86,91.0,New Delhi,125.91546994535527,180.44,7.7,INR,2.22,23.8,0.97,2611000000000.0,113.0,28.1,29.9,Kurebhar,69.4,145.0,0.3,Hindi,65.1,0.86,333.542717948718,49.3,11.2,49.7,5.36,279.46104444444444,20.593684,78.96288,Asia
Indonesia,151.0,ID,31.5,255.21266060606064,676.0,18.07,62.0,Jakarta,563.325,151.18,3.0,IDR,2.31,49.9,0.63,1119190780753.0,106.4,36.3,21.1,Kalimantan,71.5,177.0,0.48,Indonesian,48.3,0.43,333.542717948718,67.5,10.2,30.1,4.69,279.46104444444444,-0.789275,113.921327,Asia
Iran,52.0,IR,28.2,255.21266060606064,563.0,18.78,98.0,Tehran,661.71,550.93,39.9,IRR,2.14,6.6,0.4,445345282123.0,110.7,68.1,12.4,Tehran,76.5,16.0,1.58,Persian,39.7,1.58,333.542717948718,44.7,7.4,44.7,11.38,279.46104444444444,32.427908,53.688046,Asia
Iraq,93.0,IQ,21.4,438.317,209.0,29.08,964.0,Baghdad,190.061,119.86,0.4,IQD,3.67,1.9,0.61,234094042939.0,108.7,16.2,22.5,Baghdad,70.5,79.0,1.24,Arabic,76.5,0.71,333.542717948718,43.0,2.0,30.8,12.82,279.46104444444444,33.223191,43.679291,Asia
Republic of Ireland,72.0,desconocido,64.5,70.273,9.0,12.5,353.0,Dublin,37.711,106.58,0.9,EUR,1.75,11.0,1.37,388698711348.0,100.9,77.8,3.1,Connacht,82.3,5.0,10.79,Irish,15.2,3.31,333.542717948718,62.1,18.3,26.1,4.93,279.46104444444444,53.41291,-8.24389,Europe
Israel,400.0,IL,24.6,20.77,178.0,20.8,972.0,Jerusalem,65.166,108.15,0.8,ILS,3.09,7.7,1.57,395098666122.0,104.9,63.4,3.0,Jerusalem,82.8,3.0,7.58,Hebrew,24.4,4.62,333.542717948718,64.0,23.1,25.3,3.86,279.46104444444444,31.046051,34.851612,Asia
Italy,206.0,IT,43.2,301.34,347.0,7.3,39.0,Rome,320.411,110.62,0.6,EUR,1.29,31.8,1.61,2001244392042.0,101.9,61.9,2.6,Rome,82.9,2.0,2.194133333333334,Italian,22.8,3.98,333.542717948718,49.6,24.3,59.1,9.89,279.46104444444444,41.87194,12.56738,Europe
Jamaica,273.0,JM,41.0,10.991,4.0,16.1,1876.0,"Kingston, Jamaica",8.225,162.47,3.9,JMD,1.98,30.9,1.11,16458071068.0,91.0,27.1,12.4,"Kingston, Jamaica",74.4,80.0,1.33,Jamaican English,23.7,1.31,333.542717948718,66.0,26.8,35.1,8.0,279.46104444444444,18.109581,-77.297508,Central America
Japan,347.0,JP,12.3,377.944,261.0,7.4,81.0,Tokyo,125.91546994535527,105.48,0.5,desconocido,1.42,68.5,1.06,5081769542380.0,98.8,63.2,1.8,Tokyo,84.2,5.0,6.77,desconocido,13.1,2.41,333.542717948718,61.7,11.9,46.7,2.29,279.46104444444444,36.204824,138.252924,Asia
Jordan,115.0,JO,12.0,89.342,116.0,21.98,962.0,Amman,25.108,125.6,0.8,JOD,2.76,1.1,1.1,43743661972.0,81.5,34.4,13.9,Amman,74.4,46.0,1.49,Arabic,25.1,2.32,333.542717948718,39.3,15.1,28.6,14.72,279.46104444444444,30.585164,36.238414,Asia
Kazakhstan,7.0,KZ,80.4,255.21266060606064,71.0,21.77,7.0,Astana,247.207,182.75,5.2,KZT,2.84,1.2,0.42,180161741180.0,104.4,61.7,8.8,Almaty,73.2,10.0,0.41,Russian,38.8,3.25,333.542717948718,68.8,11.7,28.4,4.59,279.46104444444444,48.019573,66.923684,Asia
Kenya,94.0,KE,48.5,580.367,29.0,28.75,254.0,Nairobi,17.91,180.51,4.7,KES,3.49,7.8,0.95,95503088538.0,103.2,11.5,30.6,Nairobi,66.3,342.0,0.25,Swahili,33.4,0.16,333.542717948718,74.7,15.1,37.2,2.64,279.46104444444444,-0.023559,37.906193,Africa
Kiribati,147.0,KI,42.0,811.0,103.78313253012048,27.89,686.0,South Tarawa,66.0,99.55,0.6,AUD,3.57,15.0,1.0024571428571427,194647202.0,101.3,37.96338797814208,41.2,South Tarawa,68.1,92.0,2.194133333333334,English,0.2,0.2,117.606,62.73806818181817,22.0,32.7,6.886363636363638,64.489,1.8368976,-157.3768317,Oceania
Kuwait,240.0,KW,8.4,17.818,25.0,13.94,965.0,Kuwait City,98.734,126.6,1.1,KWD,2.08,0.4,0.35,134761198946.0,92.4,54.4,6.7,Kuwait City,75.4,12.0,0.95,Modern Standard Arabic,14.4,2.58,333.542717948718,73.5,1.4,13.0,2.18,279.46104444444444,29.31166,47.481766,Asia
Kyrgyzstan,34.0,KG,55.0,199.951,21.0,27.1,996.0,Bishkek,9.787,155.68,1.1,KGS,3.3,3.3,0.56,8454619608.0,107.6,41.3,16.9,Bishkek,71.4,60.0,0.09,Russian,48.2,1.88,333.542717948718,59.8,18.0,29.0,6.33,279.46104444444444,41.20438,74.766098,Asia
Laos,32.0,LA,10.3,236.8,129.0,23.55,856.0,Vientiane,17.763,135.87,3.3,LAK,2.67,82.1,0.93,18173839128.0,102.4,15.0,37.6,Vientiane,67.6,185.0,0.83,Lao,45.4,0.37,333.542717948718,78.5,12.9,24.1,0.63,279.46104444444444,19.85627,102.495496,Asia
Latvia,30.0,LV,31.1,64.589,6.0,10.0,371.0,Riga,7.004,116.86,2.8,EUR,1.6,54.0,1.16,34117202555.0,99.4,88.1,3.3,Riga,74.7,19.0,2.8,Latvian,41.6,3.19,333.542717948718,61.4,22.9,38.1,6.52,279.46104444444444,56.879635,24.603189,Europe
Lebanon,667.0,LB,64.3,10.4,80.0,17.55,961.0,Beirut,24.796,130.02,3.0,LBP,2.09,13.4,0.74,53367042272.0,95.1,26.3,6.4,"Tripoli, Lebanon",78.9,29.0,2.15,Arabic,32.1,2.1,333.542717948718,47.0,15.3,32.2,6.23,279.46104444444444,33.854721,35.862285,Asia
Lesotho,71.0,LS,77.6,30.355,2.0,26.81,266.0,Maseru,2.512,155.86,5.2,desconocido,3.14,1.6,0.7,2460072444.0,120.9,10.2,65.7,Maseru,53.7,544.0,0.41,English,16.9,0.07,333.542717948718,67.9,31.6,13.6,23.41,607.508,-29.609988,28.233608,Africa
Liberia,53.0,LR,28.0,111.369,2.0,33.04,231.0,Monrovia,1.386,223.13,23.6,desconocido,4.32,43.1,0.8,3070518100.0,85.1,11.9,53.5,Monrovia,63.7,661.0,0.17,English,19.6,0.04,333.542717948718,76.3,12.9,46.2,2.81,279.46104444444444,6.428055,-9.429499,Africa
Libya,4.0,LY,8.7,255.21266060606064,0.0,18.83,218.0,desconocido,50.564,125.71,2.6,LYD,2.24,0.1,0.11,52076250948.0,109.0,60.5,10.2,desconocido,72.7,72.0,1.88,Arabic,36.7,2.09,333.542717948718,49.7,16.573964497041416,32.6,18.56,279.46104444444444,26.3351,17.228331,Africa
Liechtenstein,238.0,LI,32.2,160.0,103.78313253012048,9.9,423.0,Vaduz,51.0,144.19360000000003,6.722346368715085,CHF,1.44,43.1,1.74,6552858739.0,104.7,35.6,21.33280423280423,Schaan,83.0,160.39226519337018,2.194133333333334,German,32.637234042553196,1.8398404255319156,38.019,62.73806818181817,16.573964497041416,21.6,6.886363636363638,5.464,47.1410392,9.520935,Europe
Lithuania,43.0,LT,47.2,65.3,34.0,10.0,370.0,Vilnius,12.963,118.38,2.3,EUR,1.63,34.8,1.16,54219315600.0,103.9,72.4,3.3,Vilnius,75.7,8.0,2.41,Lithuanian,32.1,6.35,333.542717948718,61.6,16.9,42.6,6.35,279.46104444444444,55.169438,23.881275,Europe
Luxembourg,242.0,LU,53.7,2.586,2.0,10.3,352.0,Luxembourg City,8.988,115.09,1.7,EUR,1.37,35.7,1.19,71104919108.0,102.3,19.2,1.9,Luxembourg City,82.1,5.0,13.05,Luxembourgish,10.6,3.01,645.397,59.3,26.5,20.4,5.36,565.488,49.815273,6.129583,Europe
Madagascar,48.0,MG,71.2,587.041,22.0,32.66,261.0,Antananarivo,3.905,184.33,5.6,MGA,4.08,21.4,1.11,14083906357.0,142.5,5.4,38.2,Antananarivo,66.7,335.0,0.21,French,21.7,0.18,333.542717948718,86.1,10.2,38.3,1.76,279.46104444444444,-18.766947,46.869107,Africa
Malawi,203.0,MW,61.4,118.484,15.0,34.12,265.0,Lilongwe,1.298,418.34,9.4,MWK,4.21,33.2,1.15,7666704427.0,142.5,0.8,35.3,Lilongwe,63.8,349.0,0.12,English,11.0,0.04,333.542717948718,76.7,17.3,34.5,5.65,279.46104444444444,-13.254308,34.301525,Africa
Malaysia,99.0,MY,26.3,329.847,136.0,16.75,60.0,Kuala Lumpur,248.289,121.46,0.7,MYR,2.0,67.6,0.45,364701517788.0,105.3,45.1,6.7,Johor Bahru,76.0,29.0,0.93,Malaysian language,36.7,1.51,333.542717948718,64.3,12.0,38.7,3.32,279.46104444444444,4.210484,101.975766,Asia
Maldives,1.802,MV,26.3,298.0,5.0,14.2,960.0,Mal�,1.445,99.7,0.2,desconocido,1.87,3.3,1.63,5729248472.0,97.1,31.2,7.4,Mal�,78.6,53.0,2.194133333333334,Divehi,16.4,4.56,530.953,69.8,19.5,30.2,6.14,213.645,3.202778,73.22068,Asia
Mali,17.0,ML,33.8,255.21266060606064,18.0,41.54,223.0,Bamako,3.179,108.73,-1.7,XOF,5.88,3.8,1.12,17510141171.0,75.6,4.5,62.0,Bamako,58.9,562.0,0.23,French,46.3,0.13,333.542717948718,70.8,11.6,54.5,7.22,279.46104444444444,17.570692,-3.996166,Africa
Malta,1.38,MT,32.4,316.0,2.0,9.2,356.0,Valletta,1.342,113.45,1.6,EUR,1.23,1.1,1.36,14786156563.0,105.0,54.3,6.1,Birkirkara,82.3,6.0,5.07,Maltese,37.1,2.86,502.653,56.5,26.2,44.0,3.47,475.902,35.937496,14.375416,Europe
Marshall Islands,329.0,MH,63.9,181.0,103.78313253012048,29.03,692.0,Majuro,143.0,144.19360000000003,6.722346368715085,USD,4.05,70.2,1.44,221278000.0,84.7,23.7,27.4,Majuro,65.2,160.39226519337018,2.0,Marshallese,10.0,0.42,58.791,62.73806818181817,17.8,65.9,6.886363636363638,45.514,7.131474,171.184478,Oceania
Mauritania,5.0,MR,38.5,255.21266060606064,21.0,33.69,222.0,Nouakchott,2.739,135.02,2.3,MRU,4.56,0.2,1.13,7593752450.0,99.9,5.0,51.5,Nouakchott,64.7,766.0,0.53,Arabic,48.2,0.19,333.542717948718,45.9,16.573964497041416,67.0,9.55,279.46104444444444,21.00789,-10.940835,Africa
Mauritius,626.0,MU,42.4,2.04,3.0,10.2,230.0,Port Louis,4.349,129.91,0.4,MUR,1.41,19.0,1.12,14180444557.0,101.1,40.6,13.6,Port Louis,74.4,61.0,0.38,French,50.7,2.53,333.542717948718,58.3,19.1,22.2,6.67,515.98,-20.348404,57.552152,Africa
Mexico,66.0,MX,54.6,255.21266060606064,336.0,17.6,52.0,Mexico City,486.406,141.54,3.6,MXN,2.13,33.9,0.73,1258286717125.0,105.8,40.2,11.0,Mexico City,75.0,33.0,0.49,desconocido,41.4,2.38,333.542717948718,60.7,13.1,55.1,3.42,279.46104444444444,23.634501,-102.552784,Central America
Federated States of Micronesia,784.0,FM,31.4,702.0,103.78313253012048,22.82,691.0,Palikir,143.0,112.1,0.5,USD,3.05,91.9,1.0024571428571427,401932279.0,97.2,14.1,25.6,Palikir,67.8,88.0,2.194133333333334,English,2.5,0.18,113.815,62.73806818181817,25.2,60.5,6.886363636363638,25.963,7.425554,150.550812,Oceania
Moldova,123.0,MD,74.2,33.851,7.0,10.1,373.0,Chi����,5.115,166.2,4.8,MDL,1.26,12.6,0.8,11955435457.0,90.6,39.8,13.6,Chi����,71.8,19.0,0.31,Romanian,46.2,3.21,333.542717948718,43.1,17.7,38.7,5.47,279.46104444444444,47.411631,28.369885,Europe
Monaco,26.337,MC,39.11755319148937,2.0,103.78313253012048,5.9,377.0,Monaco City,125.91546994535527,144.19360000000003,6.722346368715085,EUR,2.698138297872339,32.01542553191489,2.0,7184844193.0,102.47021276595747,37.96338797814208,2.6,Monaco City,72.27967914438497,160.39226519337018,11.72,French,6.1,6.56,38.964,62.73806818181817,16.573964497041416,40.8224043715847,6.886363636363638,38.964,43.7384176,7.4246158,Europe
Mongolia,2.0,MN,71.5,255.21266060606064,18.0,24.13,976.0,Ulaanbaatar,25.368,195.76,7.3,MNT,2.9,8.0,0.72,13852850259.0,104.0,65.6,14.0,Ulaanbaatar,69.7,45.0,0.65,Mongolian,39.3,2.86,333.542717948718,59.7,16.8,25.7,6.01,279.46104444444444,46.862496,103.846656,Asia
Montenegro,47.0,ME,19.0,13.812,12.0,11.73,382.0,Podgorica,2.017,116.32,2.6,EUR,1.75,61.5,1.16,5494736901.0,100.0,56.1,2.3,Podgorica,76.8,6.0,1.23,Montenegrin language,31.8,2.76,622.137,54.4,16.573964497041416,22.2,14.88,417.765,42.708678,19.37439,Europe
Morocco,83.0,MA,68.5,446.55,246.0,18.94,212.0,Rabat,61.276,111.07,0.2,MAD,2.42,12.6,0.99,118725279596.0,113.9,35.9,19.2,Casablanca,76.5,70.0,1.6,Arabic,53.1,0.73,333.542717948718,45.3,21.9,45.8,9.02,279.46104444444444,31.791702,-7.09262,Africa
Mozambique,40.0,MZ,63.5,799.38,11.0,37.52,258.0,Maputo,7.943,182.31,2.8,MZN,4.85,48.0,0.65,14934159926.0,112.6,7.3,54.0,Maputo,60.2,289.0,0.27,Portuguese,6.8,0.08,333.542717948718,78.1,0.0,36.1,3.24,279.46104444444444,-18.665695,35.529562,Africa
Myanmar,83.0,MM,19.5,676.578,513.0,17.55,95.0,Naypyidaw,25.28,168.18,8.8,MMK,2.15,43.6,0.54,76085852617.0,112.3,18.8,36.8,Yangon,66.9,250.0,0.39,Burmese,73.9,0.68,333.542717948718,61.7,5.4,31.2,1.58,279.46104444444444,21.916221,95.955974,Asia
Namibia,3.0,desconocido,47.1,824.292,16.0,28.64,264.0,Windhoek,4.228,157.97,3.7,desconocido,3.4,8.3,0.76,12366527719.0,124.2,22.9,29.0,Windhoek,63.4,195.0,2.194133333333334,English,8.3,0.42,333.542717948718,59.5,27.1,20.7,20.27,279.46104444444444,-22.95764,18.49041,Africa
Nauru,541.0,NR,39.11755319148937,21.0,103.78313253012048,20.21497354497354,674.0,Yaren District,125.91546994535527,144.19360000000003,6.722346368715085,AUD,2.698138297872339,32.01542553191489,1.0024571428571427,133000000.0,102.47021276595747,37.96338797814208,21.33280423280423,desconocido,72.27967914438497,160.39226519337018,2.194133333333334,English,32.637234042553196,1.8398404255319156,10.084,62.73806818181817,16.573964497041416,40.8224043715847,6.886363636363638,279.46104444444444,-0.522778,166.931503,Oceania
Nepal,203.0,NP,28.7,147.181,112.0,19.89,977.0,Kathmandu,9.105,188.73,5.6,NPR,1.92,25.4,0.91,30641380604.0,142.1,12.4,26.7,Kathmandu,70.5,186.0,0.36,Nepali,60.4,0.75,333.542717948718,83.8,20.7,41.8,1.41,279.46104444444444,28.394857,84.124008,Asia
Netherlands,508.0,NL,53.3,41.543,41.0,9.7,31.0,Amsterdam,170.78,115.91,2.6,desconocido,1.59,11.2,1.68,909070395161.0,104.2,85.0,3.3,Amsterdam,81.8,5.0,10.29,Dutch,12.3,3.61,333.542717948718,63.6,23.0,41.2,3.2,279.46104444444444,52.132633,5.291266,Europe
New Zealand,18.0,NZ,40.5,268.838,9.0,11.98,64.0,Wellington,34.382,114.24,1.6,NZD,1.71,38.6,1.4,206928765544.0,100.0,82.0,4.7,Auckland,81.9,9.0,11.49,English,12.6,3.59,333.542717948718,69.9,29.0,34.6,4.07,279.46104444444444,-40.900557,174.885971,Oceania
Nicaragua,55.0,NI,42.1,130.37,12.0,20.64,505.0,Managua,5.592,162.74,5.4,NIO,2.4,25.9,0.91,12520915291.0,120.6,17.4,15.7,Managua,74.3,98.0,0.54,Spanish,36.0,0.98,333.542717948718,66.4,15.6,60.6,6.84,279.46104444444444,12.865416,-85.207229,Central America
Niger,19.0,NE,36.1,255.21266060606064,10.0,46.08,227.0,Niamey,2.017,109.32,-2.5,XOF,6.91,0.9,0.88,12928145120.0,74.7,4.4,48.0,Niamey,62.0,509.0,0.29,French,52.3,0.04,333.542717948718,72.0,11.8,47.2,0.47,279.46104444444444,17.607789,8.081666,Africa
Nigeria,226.0,NG,77.7,923.768,215.0,37.91,234.0,Abuja,120.369,267.51,11.4,NGN,5.39,7.2,0.46,448120428859.0,84.7,10.2,75.7,Lagos,54.3,917.0,0.54,English,72.2,0.38,333.542717948718,52.9,1.5,34.8,8.1,279.46104444444444,9.081999,8.675277,Africa
North Korea,214.0,KP,21.8,120.538,103.78313253012048,13.89,850.0,Pyongyang,28.284,144.19360000000003,6.722346368715085,KPW,1.9,40.7,0.58,32100000000.0,112.8,27.0,13.7,Pyongyang,72.1,89.0,2.194133333333334,Korean,32.637234042553196,3.67,333.542717948718,80.4,16.573964497041416,40.8224043715847,2.74,279.46104444444444,40.339852,127.510093,Asia
North Macedonia,83.0,desconocido,39.11755319148937,25.713,103.78313253012048,20.21497354497354,389.0,Skopje,125.91546994535527,144.19360000000003,6.722346368715085,MKD,2.698138297872339,32.01542553191489,1.0024571428571427,10220781069.0,102.47021276595747,37.96338797814208,21.33280423280423,Skopje,72.27967914438497,160.39226519337018,2.194133333333334,Macedonian,35.6,1.8398404255319156,333.542717948718,62.73806818181817,16.573964497041416,40.8224043715847,6.886363636363638,279.46104444444444,41.608635,21.745275,Europe
Norway,15.0,NO,2.7,323.802,23.0,10.4,47.0,Oslo,41.023,120.27,2.2,NOK,1.56,33.2,1.78,403336363636.0,100.3,82.0,2.1,Oslo,82.8,2.0,2.194133333333334,Norwegian,14.3,2.92,333.542717948718,63.8,23.9,36.2,3.35,279.46104444444444,60.472024,8.468946,Europe
Oman,16.0,OM,4.6,309.5,47.0,19.19,968.0,Muscat,63.457,113.53,0.1,OMR,2.89,0.0,0.45,76983094928.0,103.4,38.0,9.8,Seeb,77.6,19.0,4.33,Arabic,6.4,2.0,333.542717948718,72.4,2.5,27.4,2.67,279.46104444444444,21.4735329,55.975413,Asia
Pakistan,287.0,PK,47.8,796.095,936.0,28.25,92.0,Islamabad,201.15,182.32,10.6,PKR,3.51,1.9,0.79,304400000000.0,94.3,9.0,57.2,Karachi,67.1,140.0,0.69,Urdu,66.5,0.98,333.542717948718,52.6,9.2,33.9,4.45,279.46104444444444,30.375321,69.345116,Asia
Palau,39.0,PW,10.9,459.0,103.78313253012048,14.0,680.0,Ngerulmud,224.0,118.17,1.3,USD,2.21,87.6,1.0024571428571427,283994900.0,112.6,54.7,16.6,Koror,69.1,160.39226519337018,3.0,English,21.8,1.18,18.233,62.73806818181817,21.3,76.6,6.886363636363638,14.491,7.51498,134.58252,Oceania
Palestinian National Authority,847.0,desconocido,39.11755319148937,255.21266060606064,103.78313253012048,20.21497354497354,360.54639175257734,desconocido,125.91546994535527,144.19360000000003,6.722346368715085,desconocido,2.698138297872339,32.01542553191489,1.0024571428571427,477295901399.5389,102.47021276595747,37.96338797814208,21.33280423280423,desconocido,72.27967914438497,160.39226519337018,2.194133333333334,Arabic,32.637234042553196,1.8398404255319156,333.542717948718,62.73806818181817,16.573964497041416,40.8224043715847,6.886363636363638,279.46104444444444,31.952162,35.233154,Asia
Panama,58.0,PA,30.4,75.42,26.0,18.98,507.0,Panama City,10.715,122.07,-0.4,desconocido,2.46,61.9,0.74,66800800000.0,94.4,47.8,13.1,Panama City,78.3,52.0,1.53,Spanish,30.5,1.57,333.542717948718,66.6,16.573964497041416,37.2,3.9,279.46104444444444,8.537981,-80.782127,Central America
Papua New Guinea,20.0,PG,2.6,462.84,4.0,27.07,675.0,Port Moresby,7.536,155.99,3.6,PGK,3.56,74.1,1.36,24969611435.0,108.5,1.8,38.0,Port Moresby,64.3,145.0,1.16,Tok Pisin,5.8,0.07,333.542717948718,47.2,13.6,37.1,2.46,279.46104444444444,-6.314993,143.95555,Oceania
Paraguay,18.0,PY,55.1,406.752,27.0,20.57,595.0,Asunci��,7.407,143.82,2.8,PYG,2.43,37.7,1.04,38145288940.0,104.4,34.6,17.2,Ciudad del Este,74.1,129.0,1.55,Spanish,36.5,1.35,333.542717948718,72.1,10.0,35.0,4.81,279.46104444444444,-23.442503,-58.443832,South America
Peru,26.0,PE,18.5,255.21266060606064,158.0,17.95,51.0,Lima,57.414,129.78,2.1,PEN,2.25,57.7,0.99,226848050820.0,106.9,70.7,11.1,Lima,76.5,88.0,1.28,Spanish,30.9,1.27,333.542717948718,77.6,14.3,36.8,3.31,279.46104444444444,-9.189967,-75.015152,South America
Philippines,368.0,PH,41.7,300.0,153.0,20.55,63.0,Manila,122.287,129.61,2.5,PHP,2.58,27.8,0.86,376795508680.0,107.5,35.5,22.5,Manila,71.1,121.0,1.12,English,53.5,0.6,333.542717948718,59.6,14.0,43.1,2.15,279.46104444444444,12.879721,121.774017,Asia
Poland,124.0,PL,46.9,312.685,191.0,10.2,48.0,Warsaw,299.037,114.11,2.2,PLN,1.46,30.9,1.07,592164400688.0,100.0,67.8,3.8,Warsaw,77.6,2.0,2.93,Polish,23.2,2.38,333.542717948718,56.7,17.4,40.8,3.47,279.46104444444444,51.919438,19.145136,Europe
Portugal,111.0,PT,39.5,92.212,52.0,8.5,351.0,Lisbon,48.742,110.62,0.3,EUR,1.38,34.6,1.54,237686075635.0,106.2,63.9,3.1,Lisbon,81.3,8.0,3.78,Portuguese,27.7,5.12,333.542717948718,58.8,22.8,39.8,6.33,279.46104444444444,39.399872,-8.224454,Europe
Qatar,248.0,QA,5.8,11.586,22.0,9.54,974.0,Doha,103.259,115.38,-0.7,QAR,1.87,0.0,0.4,183466208791.0,103.8,17.9,5.8,Doha,80.1,9.0,2.194133333333334,Arabic,6.2,2.49,333.542717948718,86.8,14.7,11.3,0.09,279.46104444444444,25.354826,51.183884,Asia
Romania,84.0,RO,58.8,238.391,126.0,9.6,40.0,Bucharest,69.259,123.78,3.8,RON,1.71,30.1,1.16,250077444017.0,85.2,49.4,6.1,Bucharest,75.4,19.0,2.25,Romanian,21.3,2.98,333.542717948718,54.7,14.6,20.0,3.98,279.46104444444444,45.943161,24.96676,Europe
Russia,9.0,RU,13.3,255.21266060606064,103.78313253012048,11.5,7.0,Moscow,125.91546994535527,180.75,4.5,RUB,1.57,49.8,0.59,1699876578871.0,102.6,81.9,6.1,Moscow,72.7,17.0,0.53,Russian,36.4,4.01,333.542717948718,61.8,11.4,46.2,4.59,279.46104444444444,61.52401,105.318756,Europe
Rwanda,525.0,RW,73.4,26.338,35.0,31.7,250.0,Kigali,1.115,151.09,3.4,RWF,4.04,19.7,1.17,10122472590.0,133.0,6.7,27.0,Kigali,68.7,248.0,2.194133333333334,Swahili,26.0,0.13,333.542717948718,83.7,14.3,33.2,1.03,279.46104444444444,-1.940278,29.873888,Africa
Saint Kitts and Nevis,205.0,KN,23.1,261.0,103.78313253012048,12.6,1.0,Basseterre,238.0,104.57,-1.0,XCD,2.11,42.3,1.0024571428571427,1050992593.0,108.7,86.7,9.8,Basseterre,71.3,160.39226519337018,3.33,English,56.6,2.52,52.823,62.73806818181817,18.5,49.7,6.886363636363638,16.269,17.357822,-62.782998,Central America
Saint Lucia,301.0,LC,17.4,616.0,103.78313253012048,12.0,1.0,Castries,414.0,110.13,1.9,XCD,1.44,33.2,1.3,2122450630.0,102.6,14.1,14.9,Castries,76.1,117.0,2.194133333333334,English,48.4,0.64,182.79,67.1,18.2,34.7,20.71,34.28,13.909444,-60.978893,Central America
Saint Vincent and the Grenadines,284.0,VC,25.6,389.0,103.78313253012048,14.24,1.0,Kingstown,220.0,109.67,2.3,XCD,1.89,69.2,1.0024571428571427,825385185.0,113.4,23.7,14.8,Calliaqua,72.4,68.0,1.16,English,21.4,0.66,100.455,65.9,25.4,37.0,18.88,58.185,12.984305,-61.287228,Central America
Samoa,70.0,WS,12.4,2.831,103.78313253012048,24.38,685.0,Apia,246.0,117.56,1.0,WST,3.88,60.4,0.91,850655017.0,110.5,7.6,13.6,Apia,73.2,43.0,0.78,Samoan,11.5,0.34,202.506,43.7,25.5,19.3,8.36,35.588,-13.759029,-172.104629,Oceania
San Marino,566.0,SM,16.7,61.0,103.78313253012048,6.8,378.0,City of San Marino,125.91546994535527,110.63,1.0,EUR,1.26,0.0,1.0024571428571427,1637931034.0,108.1,42.5,1.7,City of San Marino,85.4,160.39226519337018,2.194133333333334,Italian,18.3,6.11,33.86,62.73806818181817,18.1,36.2,6.886363636363638,32.969,43.94236,12.457777,Europe
S�����������,228.0,ST,50.7,964.0,1.0,31.54,239.0,S����,121.0,185.09,7.9,STN,4.32,55.8,1.0024571428571427,429016605.0,106.8,13.4,24.4,S����,70.2,130.0,2.194133333333334,desconocido,11.7,0.05,215.056,57.8,14.6,37.0,13.37,158.277,19.092351475257733,20.232434489175258,desconocido
Saudi Arabia,16.0,SA,80.8,255.21266060606064,252.0,17.8,966.0,Riyadh,563.449,118.4,-1.2,SAR,2.32,0.5,0.24,792966838162.0,99.8,68.0,6.0,Riyadh,75.0,17.0,3.85,Arabic,15.0,2.61,333.542717948718,55.9,8.9,15.7,5.93,279.46104444444444,23.885942,45.079162,Asia
Senegal,87.0,SN,46.1,196.722,19.0,34.52,221.0,Dakar,10.902,109.25,1.8,XOF,4.63,42.8,1.14,23578084052.0,81.0,12.8,31.8,Pikine,67.7,315.0,0.31,French,44.2,0.07,333.542717948718,45.7,16.3,44.8,6.6,279.46104444444444,14.497401,-14.452362,Africa
Serbia,100.0,RS,39.3,77.474,32.0,9.2,381.0,Belgrade,45.221,144.0,1.8,RSD,1.49,31.1,1.16,51409167351.0,100.3,67.2,4.8,Belgrade,75.5,12.0,1.57,Serbian,40.6,3.11,333.542717948718,54.9,18.6,36.6,12.69,279.46104444444444,44.016521,21.005859,Europe
Seychelles,214.0,SC,3.4,455.0,0.0,17.1,248.0,"Victoria, Seychelles",605.0,129.96,1.8,SCR,2.41,88.4,1.0024571428571427,1698843063.0,100.4,17.1,12.4,"Victoria, Seychelles",72.8,53.0,2.0,French,2.5,0.95,97.625,62.73806818181817,34.1,30.1,6.886363636363638,55.762,-4.679574,55.491977,Africa
Sierra Leone,111.0,SL,54.7,71.74,9.0,33.41,232.0,Freetown,1.093,234.16,14.8,SLL,4.26,43.1,1.08,3941474311.0,112.8,2.0,78.5,Freetown,54.3,1120.0,0.57,English,38.2,0.03,333.542717948718,57.9,8.6,30.7,4.43,279.46104444444444,8.460555,-11.779889,Africa
Singapore,8.358,SG,0.9,716.0,81.0,8.8,65.0,desconocido,37.535,114.41,0.6,SGD,1.14,23.1,1.25,372062527489.0,100.6,84.8,2.3,desconocido,83.1,8.0,2.194133333333334,Malay,36.7,2.29,333.542717948718,70.5,13.1,21.0,4.11,279.46104444444444,1.352083,103.819836,Asia
Slovakia,114.0,SK,39.2,49.035,16.0,10.6,421.0,Bratislava,32.424,115.34,2.7,EUR,1.52,40.4,1.32,105422304976.0,98.7,46.6,4.6,Bratislava,77.2,5.0,3.11,Slovak,18.4,3.42,333.542717948718,59.5,18.7,49.7,5.56,279.46104444444444,48.669026,19.699024,Europe
Slovenia,103.0,SI,30.7,20.273,7.0,9.4,386.0,Ljubljana,12.633,111.05,1.6,EUR,1.6,62.0,1.32,53742159517.0,100.4,78.6,1.7,Ljubljana,81.0,7.0,5.25,Slovene language,12.5,3.09,333.542717948718,58.4,18.6,31.0,4.2,279.46104444444444,46.151241,14.995463,Europe
Solomon Islands,25.0,SB,3.9,28.896,103.78313253012048,32.44,677.0,Honiara,169.0,133.06,1.6,SBD,4.4,77.9,1.0024571428571427,1425074226.0,106.2,37.96338797814208,17.1,Honiara,72.8,104.0,0.4,English,3.3,0.19,669.823,83.8,29.5,32.0,0.58,162.164,-9.64571,160.156194,Oceania
Somalia,25.0,SO,70.3,637.657,20.0,41.75,252.0,Mogadishu,645.0,144.19360000000003,6.722346368715085,SOS,6.07,10.0,1.41,4720727278.0,23.4,2.5,76.6,Bosaso,57.1,829.0,2.194133333333334,Arabic,32.637234042553196,0.02,333.542717948718,47.4,0.0,40.8224043715847,11.35,279.46104444444444,5.152149,46.199616,Africa
South Africa,49.0,ZA,79.8,255.21266060606064,80.0,20.51,27.0,Pretoria,476.644,158.93,4.1,ZAR,2.41,7.6,0.92,351431649241.0,100.9,22.4,28.5,Johannesburg,63.9,119.0,2.194133333333334,Afrikaans,7.7,0.91,333.542717948718,56.0,27.5,29.2,28.18,279.46104444444444,-30.559482,22.937506,Africa
South Korea,527.0,KR,17.4,99.72,634.0,6.4,82.0,Seoul,620.302,115.16,0.4,KRW,0.98,63.4,1.22,2029000000000.0,98.1,94.3,2.7,Seoul,82.6,11.0,6.49,Korean,36.8,2.36,333.542717948718,63.0,15.6,33.2,4.15,279.46104444444444,35.907757,127.766922,Asia
South Sudan,18.0,SS,39.11755319148937,644.329,185.0,35.01,211.0,Juba,1.727,144.19360000000003,187.9,SSP,4.7,32.01542553191489,0.28,11997800751.0,73.0,37.96338797814208,63.7,Juba,57.6,1150.0,2.194133333333334,English,61.3,1.8398404255319156,333.542717948718,72.4,16.573964497041416,31.4,12.24,279.46104444444444,6.8769919,31.3069788,Africa
Spain,94.0,ES,52.6,505.37,196.0,7.9,34.0,Madrid,244.002,110.96,0.7,EUR,1.26,36.9,1.26,1394116310769.0,102.7,88.9,2.5,Madrid,83.3,4.0,5.6,Spanish,24.2,3.87,333.542717948718,57.5,14.2,47.0,13.96,279.46104444444444,40.463667,-3.74922,Europe
Sri Lanka,341.0,LK,43.7,65.61,317.0,15.83,94.0,Colombo,23.362,155.53,3.5,LKR,2.2,32.9,0.88,84008783756.0,100.2,19.6,6.4,Colombo,76.8,36.0,0.35,Tamil,38.4,1.0,333.542717948718,53.9,11.9,55.2,4.2,279.46104444444444,7.873054,80.771797,Asia
Sudan,25.0,SD,28.7,255.21266060606064,124.0,32.18,249.0,Khartoum,20.0,144.19360000000003,51.0,SDG,4.41,8.1,0.95,18902284476.0,76.8,16.9,42.1,Omdurman,65.1,295.0,0.41,Arabic,63.2,0.26,333.542717948718,48.4,8.0,45.4,16.53,279.46104444444444,12.862807,30.217636,Africa
Suriname,4.0,SR,0.6,163.82,2.0,18.54,597.0,Paramaribo,1.738,294.66,22.0,SRD,2.42,98.3,1.29,3985250737.0,108.8,12.6,16.9,Paramaribo,71.6,120.0,2.194133333333334,Dutch,10.1,1.21,581.372,51.1,19.5,27.9,7.33,384.258,3.919305,-56.027783,South America
Sweden,25.0,SE,7.4,450.295,30.0,11.4,46.0,Stockholm,43.252,110.51,1.8,SEK,1.76,68.9,1.42,530832908738.0,126.6,67.0,2.2,S�����,82.5,4.0,2.194133333333334,Swedish,15.2,3.98,333.542717948718,64.6,27.9,49.1,6.48,279.46104444444444,60.128161,18.643501,Europe
Switzerland,219.0,CH,38.4,41.277,21.0,10.0,41.0,Bern,34.477,99.55,0.4,CHF,1.52,31.8,1.45,703082435360.0,105.2,59.6,3.7,Z���,83.6,5.0,2.194133333333334,German,28.3,4.3,333.542717948718,68.3,10.1,28.8,4.58,279.46104444444444,46.818188,8.227512,Europe
Syria,95.0,SY,75.8,185.18,239.0,23.69,963.0,Damascus,28.83,143.2,36.7,SYP,2.81,2.7,0.83,40405006007.0,81.7,40.1,14.0,Damascus,71.8,31.0,1.02,Arabic,53.7,1.22,333.542717948718,44.1,14.2,42.7,8.37,279.46104444444444,34.802075,38.996815,Asia
Tajikistan,68.0,TJ,34.1,144.1,17.0,30.76,992.0,Dushanbe,5.31,148.57,6.0,TJS,3.59,3.0,0.71,8116626794.0,100.9,31.3,30.4,Dushanbe,70.9,17.0,0.23,Persian,63.1,1.7,333.542717948718,42.0,9.8,67.3,11.02,279.46104444444444,38.861034,71.276093,Asia
Tanzania,67.0,TZ,44.8,947.3,28.0,36.7,255.0,Dodoma,11.973,187.43,3.5,TZS,4.89,51.6,0.87,63177068175.0,94.2,4.0,37.6,Dar es Salaam,65.0,524.0,0.09,Swahili,26.1,0.01,333.542717948718,83.4,11.5,43.8,1.98,279.46104444444444,-6.369028,34.888822,Africa
Thailand,137.0,TH,43.3,513.12,455.0,10.34,66.0,Bangkok,283.763,113.27,0.7,THB,1.53,32.2,0.71,543649976166.0,99.8,49.3,7.8,Bangkok,76.9,37.0,1.06,Thai,11.8,0.81,333.542717948718,67.3,14.9,29.5,0.75,279.46104444444444,15.870032,100.992541,Asia
East Timor,89.0,TL,25.6,14.874,2.0,29.42,670.0,Dili,495.0,145.38,2.6,USD,4.02,45.4,1.1,1673540300.0,115.3,17.8,39.3,Dili,69.3,142.0,0.6,Portuguese,10.2,0.72,333.542717948718,67.3,25.0,17.3,4.55,400.182,-8.874217,125.727539,Asia
Togo,152.0,TG,70.2,56.785,10.0,33.11,228.0,Lom�,3.0,113.3,0.7,XOF,4.32,3.1,0.71,5459979417.0,123.8,14.5,47.4,Lom�,60.8,396.0,0.34,French,51.0,0.08,333.542717948718,77.6,16.9,48.2,2.04,279.46104444444444,8.619543,0.824782,Africa
Tonga,147.0,TO,45.8,747.0,103.78313253012048,24.3,676.0,Nuku����,128.0,121.09,7.4,TOP,3.56,12.5,1.0024571428571427,450353314.0,116.3,6.4,13.4,Nuku����,70.8,52.0,2.194133333333334,Tongan Language,10.2,0.52,100.209,59.8,22.3,27.5,1.12,24.145,-21.178986,-175.198242,Oceania
Trinidad and Tobago,273.0,TT,10.5,5.128,4.0,12.94,1.0,Port of Spain,43.868,141.75,1.0,TTD,1.73,46.0,0.54,24100202834.0,106.2,12.0,16.4,Chaguanas,73.4,67.0,2.25,English,37.3,4.17,333.542717948718,60.0,19.5,40.5,2.69,741.944,10.691803,-61.222503,South America
Tunisia,76.0,TN,64.8,163.61,48.0,17.56,216.0,Tunis,29.937,155.33,6.7,TND,2.2,6.8,0.73,38797709924.0,115.4,31.7,14.6,Tunis,76.5,43.0,0.47,Arabic,39.8,1.3,333.542717948718,46.1,21.1,60.7,16.02,279.46104444444444,33.886917,9.537499,Africa
Turkey,110.0,TR,49.8,783.562,512.0,16.03,90.0,Ankara,372.725,234.44,15.2,TRY,2.07,15.4,1.42,754411708203.0,93.2,23.9,9.1,Istanbul,77.4,17.0,3.45,Turkish,16.9,1.85,333.542717948718,52.8,17.9,42.3,13.49,279.46104444444444,38.963745,35.243322,Europe
Turkmenistan,13.0,TM,72.0,488.1,42.0,23.83,993.0,Ashgabat,70.63,144.19360000000003,6.722346368715085,TMT,2.79,8.8,0.29,40761142857.0,88.4,8.0,39.3,Ashgabat,68.1,7.0,0.88,Turkmen,71.1,2.22,333.542717948718,64.5,16.573964497041416,40.8224043715847,3.91,279.46104444444444,38.969719,59.556278,Asia
Tuvalu,393.0,TV,60.0,26.0,103.78313253012048,20.21497354497354,688.0,Funafuti,11.0,144.19360000000003,6.722346368715085,AUD,2.698138297872339,33.3,1.0024571428571427,47271463.0,86.0,37.96338797814208,20.6,Singapore,72.27967914438497,160.39226519337018,2.194133333333334,Tuvaluan Language,0.7,0.92,11.646,62.73806818181817,16.573964497041416,40.8224043715847,6.886363636363638,7.362,-7.109535,177.64933,Oceania
Uganda,229.0,UG,71.9,241.038,46.0,38.14,256.0,Kampala,5.68,173.87,2.9,UGX,4.96,9.7,0.94,34387229486.0,102.7,4.8,33.8,Buganda,63.0,375.0,0.01,Swahili,40.5,0.17,333.542717948718,70.3,11.7,33.7,1.84,279.46104444444444,1.373333,32.290275,Africa
Ukraine,75.0,UA,71.7,603.55,297.0,8.7,380.0,Kyiv,202.25,281.66,7.9,UAH,1.3,16.7,0.83,153781069118.0,99.0,82.7,7.5,Kyiv,71.6,19.0,0.84,Ukrainian,47.8,2.99,333.542717948718,54.2,20.1,45.2,8.88,279.46104444444444,48.379433,31.16558,Europe
United Arab Emirates,118.0,AE,5.5,83.6,63.0,10.33,971.0,Abu Dhabi,206.324,114.52,-1.9,AED,1.41,4.6,0.49,421142267938.0,108.4,36.8,6.5,Dubai,77.8,3.0,2.194133333333334,Arabic,17.8,2.53,333.542717948718,82.1,0.1,15.9,2.35,279.46104444444444,23.424076,53.847818,Asia
United Kingdom,281.0,GB,71.7,243.61,148.0,11.0,44.0,London,379.025,119.62,1.7,GBP,1.68,13.1,1.46,2827113184696.0,101.2,60.0,3.6,London,81.3,7.0,10.13,English,14.8,2.81,333.542717948718,62.8,25.5,30.6,3.85,279.46104444444444,55.378051,-3.435973,Europe
United States,36.0,US,44.4,255.21266060606064,103.78313253012048,11.6,1.0,"Washington, D.C.",125.91546994535527,117.24,7.5,USD,1.73,33.9,0.71,21427700000000.0,101.8,88.2,5.6,New York City,78.5,19.0,7.25,desconocido,11.1,2.61,333.542717948718,62.0,9.6,36.6,14.7,279.46104444444444,37.09024,-95.712891,North America
Uruguay,20.0,UY,82.6,176.215,22.0,13.86,598.0,Montevideo,6.766,202.92,7.9,UYU,1.97,10.7,1.5,56045912952.0,108.5,63.1,6.4,Montevideo,77.8,17.0,1.66,Spanish,16.2,5.05,333.542717948718,64.0,20.1,41.8,8.73,279.46104444444444,-32.522779,-55.765835,South America
Uzbekistan,79.0,UZ,62.9,447.4,68.0,23.3,998.0,Tashkent,91.811,144.19360000000003,6.722346368715085,UZS,2.42,7.5,1.03,57921286440.0,104.2,10.1,19.1,Tashkent,71.6,29.0,0.24,Uzbek,42.7,2.37,333.542717948718,65.1,14.8,31.6,5.92,279.46104444444444,41.377491,64.585262,Asia
Vanuatu,25.0,VU,15.3,12.189,103.78313253012048,29.6,678.0,Port Vila,147.0,117.13,2.8,VUV,3.78,36.1,1.31,917058851.0,109.3,4.7,22.3,Port Vila,70.3,72.0,1.56,French,8.9,0.17,299.882,69.9,17.8,8.5,4.39,76.152,-15.376706,166.959158,Oceania
Venezuela,32.0,VE,24.5,912.05,343.0,17.88,58.0,Caracas,164.175,144.19360000000003,254.9,VED,2.27,52.7,0.0,482359318768.0,97.2,79.3,21.4,Caracas,72.1,125.0,0.01,Spanish,45.8,1.92,333.542717948718,59.7,16.573964497041416,73.3,8.8,279.46104444444444,6.42375,-66.58973,South America
Vietnam,314.0,VN,39.3,331.21,522.0,16.75,84.0,Hanoi,192.668,163.52,2.8,VND,2.05,48.1,0.8,261921244843.0,110.6,28.5,16.5,Ho Chi Minh City,75.3,43.0,0.73,Vietnamese,43.5,0.82,333.542717948718,77.4,19.1,37.6,2.01,279.46104444444444,14.058324,108.277199,Asia
Yemen,56.0,YE,44.6,527.968,40.0,30.45,967.0,Sanaa,10.609,157.58,8.1,YER,3.79,1.0,0.92,26914402224.0,93.6,10.2,42.9,Sanaa,66.1,164.0,2.194133333333334,Arabic,81.0,0.31,333.542717948718,38.0,16.573964497041416,26.6,12.91,279.46104444444444,15.552727,48.516388,Asia
Zambia,25.0,ZM,32.1,752.618,16.0,36.19,260.0,Lusaka,5.141,212.31,9.2,ZMW,4.63,65.2,1.4,23064722446.0,98.7,4.1,40.4,Lusaka,63.5,213.0,0.24,English,27.5,1.19,333.542717948718,74.6,16.2,15.6,11.43,279.46104444444444,-13.133897,27.849332,Africa
Zimbabwe,38.0,ZW,41.9,390.757,51.0,30.68,263.0,Harare,10.983,105.51,0.9,desconocido,3.62,35.5,1.34,21440758800.0,109.9,10.0,33.9,Harare,61.2,458.0,2.194133333333334,Shona,25.8,0.21,333.542717948718,83.1,20.7,31.6,4.95,279.46104444444444,-19.015438,29.154857,Africa
